
KN?
christ church nichola town!christ church nichola town parish7
saint anne sandy pointsaint anne sandy point parish9
saint george basseterresaint george basseterre parishP
saint george gingerlandsaint george gingerland parishsaint george's parishG
saint james parishsaint james windwardsaint james windward parishL
saint john capesterresaint john capisterresaint john capisterre parishD
saint john figtreesaint john figtree parishsaint john's parish+
saint mary cayonsaint mary cayon parishL
saint paul capesterresaint paul capisterresaint paul capisterre parishL
saint paul charlestownsaint paul charlestown parishsaint paul's parish7
saint peter basseterresaint peter basseterre parish3
saint thomas lowlandsaint thomas lowland parish?
saint thomas middle island!saint thomas middle island parish7
trinity palmetto pointtrinity palmetto point parish